HS_Code,Chapter,Product_Description,FTA_Agreement,Duty_Reduction_Staging,Effective_Date,ROO_Rule,Benefit_Notes,Expected_Export_Boost_2025
030617,03,"Frozen Vannamei / Black Tiger Shrimp (Raw, not shelled)",India-UAE CEPA,0% immediate (Category A),2022-05-01 00:00:00,WO,Full tariff elimination; covers 99% HS-03 lines; Halal demand high in UAE,200.0
030617,03,Frozen Shrimp (Cooked / Peeled / Headless / Value-Added),India-UAE CEPA,0% immediate (Category A),2022-05-01 00:00:00,WO,Value-added processing qualifies; easy origin cert via MPEDA,150.0
030289,03,Frozen Seabass Fillets (skinless / skin-on),India-UAE CEPA,0% immediate (Category A),2022-05-01 00:00:00,WO,No value-added threshold; Indian farmed seabass ideal,80.0
030462,03,Frozen Tilapia Fillets,India-UAE CEPA,0% immediate (Category A),2022-05-01 00:00:00,WO,Low-cost polyculture from AP/Karnataka; zero rejection risk,40.0
030461,03,Frozen Pangasius Fillets,India-UAE CEPA,0% immediate (Category A),2022-05-01 00:00:00,WO,Fast-growth Indian farms; EU/USA parallel benefits,35.0
030614,03,Frozen / Live Mud Crabs,India-UAE CEPA,0% immediate (Category A),2022-05-01 00:00:00,WO,Live/frozen from Sundarbans; Halal cert boosts,50.0
030624,03,Frozen Giant Freshwater Prawn (Scampi),India-UAE CEPA,0% immediate (Category A),2022-05-01 00:00:00,WO,Japan-parallel premium; Indian freshwater scampi,60.0
030629,03,"Other Frozen Crustaceans (e.g., Squid tubes, Lobster)",India-UAE CEPA,0% immediate (Category A),2022-05-01 00:00:00,WO,Marine catch from Kerala/Gujarat,30.0
030743,03,Frozen Squid (whole / tubes / rings / tentacles),India-UAE CEPA,0% immediate (Category A),2022-05-01 00:00:00,WO,Immediate freezing qualifies; huge volume,25.0
030749,03,Frozen Cuttlefish (whole / cleaned),India-UAE CEPA,0% immediate (Category A),2022-05-01 00:00:00,WO,Gutted/beak-removed; low heavy metals,20.0
030539,03,Dried Shrimp / Dried Fish,India-UAE CEPA,0% immediate (Category A),2022-05-01 00:00:00,WO,Sun-dried from TN/Odisha; moisture <12%,15.0
030616,03,Frozen Rohu / Catla / Mrigal (Indian Major Carp),India-UAE CEPA,0% immediate (Category A),2022-05-01 00:00:00,WO,Polyculture from WB/Bihar; Halal for Middle East,25.0
030636,03,"Other Frozen Fish (e.g., Ribbonfish, Croaker)",India-UAE CEPA,0% immediate (Category A),2022-05-01 00:00:00,WO,Marine from Gujarat; easy WO,10.0
030695,03,Other Frozen Aquatic Invertebrates,India-UAE CEPA,0% immediate (Category A),2022-05-01 00:00:00,WO,Shellfish varieties; UAE re-export hub,10.0
160521,16,"Prepared / Preserved Shrimp (breaded, marinated, retail)",India-UAE CEPA,0% immediate (Category A),2022-05-01 00:00:00,WO or CTSH,Breaded/marinated qualifies with Indian processing,100.0
160529,16,"Other Prepared / Preserved Fish (e.g., Surimi, Fish balls)",India-UAE CEPA,0% immediate (Category A),2022-05-01 00:00:00,WO or CTSH,Indian tuna/surimi; HACCP for shelf-life,50.0
030487,03,Frozen Pomfret / Other Premium Fillets,India-UAE CEPA,0% immediate (Category A),2022-05-01 00:00:00,WO,West Coast catch; premium fillets,15.0
030499,03,Other Frozen Fish Meat (minced / offcuts),India-UAE CEPA,0% immediate (Category A),2022-05-01 00:00:00,WO,By-product value addition,10.0
030711,03,Live / Fresh / Chilled Shrimps & Prawns,India-UAE CEPA,0% immediate (Category A),2022-05-01 00:00:00,WO,Air-shipped live from AP; highest $/kg,30.0
030617,03,Frozen Headless Shell-On (HLSO) Vannamei Shrimp,India-UAE CEPA,0% immediate (Category A),2022-05-01 00:00:00,WO,Standard export pack; highest volume,120.0
000000,00,Product_Description,FTA_Agreement,Duty_Reduction_Staging,Effective_Date,ROO_Rule,Benefit_Notes,2025.0
030617,03,"Frozen Vannamei / Black Tiger Shrimp (Raw, block or IQF)",India-Australia ECTA,0% immediate (Category A),2022-12-29 00:00:00,WO,Full duty elimination from Day-1 – Australia’s 5% duty gone forever,160.0
030617,03,Frozen Shrimp (Cooked / Peeled / PDTO / Value-Added),India-Australia ECTA,0% immediate (Category A),2022-12-29 00:00:00,WO,Value-added also 0% instantly – Coles/Woolworths love it,110.0
030289,03,Frozen Seabass Fillets (skinless or skin-on),India-Australia ECTA,Phased to 0% over 6 years (B6),2022-12-29 00:00:00,CTSH + 35% RVC,Already ~50% cut in 2025; full 0% by 2028,65.0
030462,03,Frozen Tilapia Fillets,India-Australia ECTA,0% immediate (Category A),2022-12-29 00:00:00,WO,Safest product – zero duty from Day-1,45.0
030461,03,Frozen Pangasius Fillets,India-Australia ECTA,Phased to 0% over 3 years (B3),2022-12-29 00:00:00,CTSH + 35% RVC,Full 0% from Jan 2026 – volume exploding,40.0
030614,03,Frozen / Live Mud Crabs,India-Australia ECTA,0% immediate (Category A),2022-12-29 00:00:00,WO,Live crab prices in Sydney/Melbourne soaring,35.0
030624,03,Frozen Giant Freshwater Prawn (Scampi),India-Australia ECTA,Phased to 0% over 6 years (B6),2022-12-29 00:00:00,WO,Premium restaurant segment,28.0
030743,03,Frozen Squid (whole / tubes / rings / tentacles),India-Australia ECTA,0% immediate (Category A),2022-12-29 00:00:00,WO,Ethnic & restaurant demand massive,22.0
030749,03,Frozen Cuttlefish (whole / cleaned),India-Australia ECTA,Phased to 0% over 4 years (B4),2022-12-29 00:00:00,CTSH,Gutted varieties qualify,16.0
030539,03,Dried Shrimp / Dried Fish,India-Australia ECTA,0% immediate (Category A),2022-12-29 00:00:00,WO,South-Asian diaspora favourite,14.0
030616,03,Frozen Rohu / Catla / Mrigal (Indian Major Carp),India-Australia ECTA,0% immediate (Category A),2022-12-29 00:00:00,WO,Ethnic stores love it,18.0
030711,03,Live / Chilled Shrimps & Prawns,India-Australia ECTA,0% immediate (Category A),2022-12-29 00:00:00,WO,48-hour biosecurity clearance – huge margin,25.0
030636,03,"Other Frozen Fish (Ribbonfish, Croaker, etc.)",India-Australia ECTA,Phased to 0% over 6 years (B6),2022-12-29 00:00:00,WO,"High volume, low value – still profitable",12.0
160521,16,Prepared Shrimp (breaded / marinated / retail packs),India-Australia ECTA,Phased to 0% over 3 years (B3),2022-12-29 00:00:00,CTSH + 35% RVC,Full 0% from Dec 2025 – ready-to-cook boom,55.0
160529,16,"Other Prepared Fish (surimi, fish balls, etc.)",India-Australia ECTA,0% immediate (Category A),2022-12-29 00:00:00,WO or CTSH,Instant 0% – growing fast,20.0
000000,00,Product_Description,FTA_Agreement,Duty_Reduction_Staging,Effective_Date,ROO_Rule,Benefit_Notes,2025.0
030617,03,"Frozen Vannamei / Black Tiger Shrimp (Raw, block or IQF)",India-UK CETA,0% immediate,2025-07-24 00:00:00,WO,UK 8–10% duty eliminated Day-1 – biggest single gain,220.0
030617,03,Frozen Shrimp (Cooked / Peeled / PDTO / Value-Added),India-UK CETA,0% immediate,2025-07-24 00:00:00,WO,Cooked & peeled also 0% instantly – Tesco/Sainsbury’s ready,180.0
030289,03,Frozen Seabass Fillets (skinless or skin-on),India-UK CETA,0% immediate,2025-07-24 00:00:00,WO,Premium UK restaurant & retail demand exploding,110.0
030462,03,Frozen Tilapia Fillets,India-UK CETA,0% immediate,2025-07-24 00:00:00,WO,Safest product – zero duty from Day-1,55.0
030461,03,Frozen Pangasius Fillets,India-UK CETA,0% immediate,2025-07-24 00:00:00,WO,Volume leader – full elimination,50.0
030614,03,Frozen / Live Mud Crabs,India-UK CETA,0% immediate,2025-07-24 00:00:00,WO,London restaurants paying premium for live Indian crab,70.0
030624,03,Frozen Giant Freshwater Prawn (Scampi),India-UK CETA,0% immediate,2025-07-24 00:00:00,WO,UK hotels & fine-dining love scampi,65.0
030743,03,Frozen Squid (whole / tubes / rings / tentacles),India-UK CETA,0% immediate,2025-07-24 00:00:00,WO,Massive ethnic & pub demand,40.0
030749,03,Frozen Cuttlefish (whole / cleaned),India-UK CETA,0% immediate,2025-07-24 00:00:00,WO,Gutted varieties qualify instantly,25.0
030539,03,Dried Shrimp / Dried Fish,India-UK CETA,0% immediate,2025-07-24 00:00:00,WO,South-Asian & African diaspora stores,20.0
030616,03,Frozen Rohu / Catla / Mrigal (Indian Major Carp),India-UK CETA,0% immediate,2025-07-24 00:00:00,WO,Bangladeshi & Pakistani communities huge buyers,30.0
030711,03,Live / Chilled Shrimps & Prawns,India-UK CETA,0% immediate,2025-07-24 00:00:00,WO,Air-freighted live – highest £/kg,45.0
160521,16,Prepared Shrimp (breaded / marinated / retail packs),India-UK CETA,0% immediate,2025-07-24 00:00:00,WO or CTSH,"Tesco, Sainsbury’s, M&S own-label boom",130.0
160529,16,"Other Prepared Fish (surimi, fish cakes, etc.)",India-UK CETA,0% immediate,2025-07-24 00:00:00,WO or CTSH,Ready meals & sandwich fillings,60.0
030487,03,Frozen Pomfret / Kingfish Fillets,India-UK CETA,0% immediate,2025-07-24 00:00:00,WO,UK Indian restaurants staple,35.0
000000,00,Product_Description,FTA_Agreement,Duty_Reduction_Staging,Effective_Date,ROO_Rule,Benefit_Notes,2025.0
030617,03,"Frozen Vannamei / Black Tiger Shrimp (Raw, block or IQF)",India-EFTA TEPA,0% immediate,2025-10-01 00:00:00,WO,"Norway & Iceland were already low-duty, but Switzerland & Liechtenstein now 0% – huge win",180.0
030617,03,Frozen Shrimp (Cooked / Peeled / PDTO / Value-Added),India-EFTA TEPA,0% immediate,2025-10-01 00:00:00,WO,Swiss & Norwegian hotels love cooked shrimp,140.0
030289,03,Frozen Seabass Fillets (skinless or skin-on),India-EFTA TEPA,0% immediate,2025-10-01 00:00:00,WO,Norway is the #1 destination in Europe for Indian seabass – now zero duty,150.0
030462,03,Frozen Tilapia Fillets,India-EFTA TEPA,0% immediate,2025-10-01 00:00:00,WO,Switzerland retail chains expanding Indian tilapia,50.0
030461,03,Frozen Pangasius Fillets,India-EFTA TEPA,0% immediate,2025-10-01 00:00:00,WO,Volume product – full elimination,45.0
030614,03,Frozen / Live Mud Crabs,India-EFTA TEPA,0% immediate,2025-10-01 00:00:00,WO,Live mud crab to Zurich & Oslo restaurants – premium pricing,80.0
030624,03,Frozen Giant Freshwater Prawn (Scampi),India-EFTA TEPA,0% immediate,2025-10-01 00:00:00,WO,Swiss fine-dining gold,90.0
030743,03,Frozen Squid (whole / tubes / rings / tentacles),India-EFTA TEPA,0% immediate,2025-10-01 00:00:00,WO,Norway & Iceland love squid – massive new market,70.0
030749,03,Frozen Cuttlefish (whole / cleaned),India-EFTA TEPA,0% immediate,2025-10-01 00:00:00,WO,Gutted cuttlefish gaining traction,35.0
030539,03,Dried Shrimp / Dried Fish,India-EFTA TEPA,0% immediate,2025-10-01 00:00:00,WO,Asian diaspora in Switzerland,20.0
030616,03,Frozen Rohu / Catla / Mrigal (Indian Major Carp),India-EFTA TEPA,0% immediate,2025-10-01 00:00:00,WO,South-Asian communities in Switzerland & Norway,25.0
030711,03,Live / Chilled Shrimps & Prawns,India-EFTA TEPA,0% immediate,2025-10-01 00:00:00,WO,Air-freighted live – highest margin,55.0
160521,16,Prepared Shrimp (breaded / marinated / retail packs),India-EFTA TEPA,0% immediate,2025-10-01 00:00:00,WO or CTSH,Migros & Coop (Swiss retailers) own-label boom,100.0
160529,16,"Other Prepared Fish (surimi, fish cakes, etc.)",India-EFTA TEPA,0% immediate,2025-10-01 00:00:00,WO or CTSH,Ready meals for Nordic & Swiss markets,60.0
030487,03,Frozen Pomfret / Kingfish Fillets,India-EFTA TEPA,0% immediate,2025-10-01 00:00:00,WO,Swiss Indian restaurants staple,40.0
000000,00,Product_Description,FTA_Agreement,Duty_Reduction_Staging,Effective_Date,ROO_Rule,Benefit_Notes,2025.0
030617,03,"Frozen Vannamei / Black Tiger Shrimp (Raw, block or IQF)",India-EU FTA (Projected),Phased to 0% over 7 years (B7),2026-01-01 00:00:00,WO or CTSH + 40% RVC,12% duty phased out; EU strict on antibiotics (zero tolerance),40055.0
030617,03,Frozen Shrimp (Cooked / Peeled / Value-Added),India-EU FTA (Projected),Phased to 0% over 5 years (B5),2026-01-01 00:00:00,WO,Value-added gets faster phase; ASC cert key for EU supermarkets,25015.0
030289,03,Frozen Seabass Fillets (skinless or skin-on),India-EU FTA (Projected),0% immediate (Category A),2026-01-01 00:00:00,WO,Already low duty; EU loves Indian seabass – no phase needed,120.0
030462,03,Frozen Tilapia Fillets,India-EU FTA (Projected),Phased to 0% over 5 years (B5),2026-01-01 00:00:00,WO,7% duty eliminated; low-risk polyculture from AP,60.0
030461,03,Frozen Pangasius Fillets,India-EU FTA (Projected),Phased to 0% over 7 years (B7),2026-01-01 00:00:00,CTSH + 40% RVC,EU hesitations on antibiotics; MPEDA Shaphari farms qualify,70.0
030614,03,Frozen / Live Mud Crabs,India-EU FTA (Projected),Phased to 0% over 5 years (B5),2026-01-01 00:00:00,WO,"8% duty phased; sustainability certs (e.g., MSC) boost",80.0
030624,03,Frozen Giant Freshwater Prawn (Scampi),India-EU FTA (Projected),Phased to 0% over 7 years (B7),2026-01-01 00:00:00,WO,Japan-parallel; EU premium for antibiotic-free,
030743,03,Frozen Squid (whole / tubes / rings),India-EU FTA (Projected),0% immediate (Category A),2026-01-01 00:00:00,WO,Cadmium limits strict; immediate gain on low-duty lines,50.0
030749,03,Frozen Cuttlefish (whole / cleaned),India-EU FTA (Projected),Phased to 0% over 5 years (B5),2026-01-01 00:00:00,WO,Gutted varieties; EU heavy metals focus,
030539,03,Dried Shrimp / Dried Fish,India-EU FTA (Projected),0% immediate (Category A),2026-01-01 00:00:00,WO,Moisture/safety compliance easy; ethnic markets,25.0
030616,03,Frozen Rohu / Catla (Indian Carp),India-EU FTA (Projected),Phased to 0% over 5 years (B5),2026-01-01 00:00:00,WO,Polyculture qualifies; Halal-optional for EU,35.0
030711,03,Live / Chilled Shrimps & Prawns,India-EU FTA (Projected),Phased to 0% over 7 years (B7),2026-01-01 00:00:00,WO,Air-freight viable; EU traceability mandatory,50.0
160521,16,Prepared Shrimp (breaded / marinated),India-EU FTA (Projected),Phased to 0% over 5 years (B5),2026-01-01 00:00:00,CTSH + 40% RVC,Ingredients labeling strict; retail packs boom,
160529,16,Other Prepared Fish (surimi / fish cakes),India-EU FTA (Projected),0% immediate (Category A),2026-01-01 00:00:00,WO or CTSH,HACCP essential; EU ready-meals market,70.0
030487,03,Frozen Pomfret / Other Fillets,India-EU FTA (Projected),Phased to 0% over 5 years (B5),2026-01-01 00:00:00,WO,Regional favorites; sustainability edge,45.0
000000,00,Product_Description,FTA_Agreement,Duty_Reduction_Staging,Effective_Date,ROO_Rule,Benefit_Notes,2025.0
030617,03,"Frozen Vannamei / Black Tiger Shrimp (Raw, block or IQF)",India-Mauritius CECPA,0% immediate (Category A),2021-04-01 00:00:00,WO,Full elimination on all HS-03; easiest market entry,8070.0
030617,03,Frozen Shrimp (Cooked / Peeled / Value-Added),India-Mauritius CECPA,0% immediate (Category A),2021-04-01 00:00:00,WO,Value-added qualifies instantly; Halal boosts,60.0
030289,03,Frozen Seabass Fillets (skinless or skin-on),India-Mauritius CECPA,0% immediate (Category A),2021-04-01 00:00:00,WO,Re-export hub to EU/Africa; premium demand,4025.0
030462,03,Frozen Tilapia Fillets,India-Mauritius CECPA,0% immediate (Category A),2021-04-01 00:00:00,WO,Low-cost polyculture from AP; zero rejection,30.0
030461,03,Frozen Pangasius Fillets,India-Mauritius CECPA,0% immediate (Category A),2021-04-01 00:00:00,WO,Fast-growth farms qualify; easy compliance,25.0
030614,03,Frozen / Live Mud Crabs,India-Mauritius CECPA,0% immediate (Category A),2021-04-01 00:00:00,WO,Live from Sundarbans; Halal essential,35.0
030624,03,Frozen Giant Freshwater Prawn (Scampi),India-Mauritius CECPA,0% immediate (Category A),2021-04-01 00:00:00,WO,Freshwater scampi; re-export potential,
030743,03,Frozen Squid (whole / tubes / rings),India-Mauritius CECPA,0% immediate (Category A),2021-04-01 00:00:00,WO,Marine from Kerala; cadmium testing simple,15.0
030749,03,Frozen Cuttlefish (whole / cleaned),India-Mauritius CECPA,0% immediate (Category A),2021-04-01 00:00:00,WO,Gutted varieties; low heavy metals,12.0
030539,03,Dried Shrimp / Dried Fish,India-Mauritius CECPA,0% immediate (Category A),2021-04-01 00:00:00,WO,Sun-dried from TN; moisture <12%,10.0
030616,03,Frozen Rohu / Catla (Indian Carp),India-Mauritius CECPA,0% immediate (Category A),2021-04-01 00:00:00,WO,Polyculture from WB; Halal for locals,18.0
030711,03,Live / Chilled Shrimps & Prawns,India-Mauritius CECPA,0% immediate (Category A),2021-04-01 00:00:00,WO,Air-shipped live; high $/kg,20.0
030636,03,"Other Frozen Fish (Ribbonfish, etc.)",India-Mauritius CECPA,0% immediate (Category A),2021-04-01 00:00:00,WO,Wild catch from Gujarat; easy WO,
160521,16,Prepared Shrimp (breaded / marinated),India-Mauritius CECPA,0% immediate (Category A),2021-04-01 00:00:00,WO or CTSH,Retail packs; HACCP for shelf-life,
160529,16,Other Prepared Fish (surimi / fish cakes),India-Mauritius CECPA,0% immediate (Category A),2021-04-01 00:00:00,WO or CTSH,Processed tuna; re-export hub,
030487,03,Frozen Pomfret / Other Fillets,India-Mauritius CECPA,0% immediate (Category A),2021-04-01 00:00:00,WO,West Coast premium; sustainability edge,15.0
030499,03,Other Frozen Fish Meat (minced),India-Mauritius CECPA,0% immediate (Category A),2021-04-01 00:00:00,WO,By-product value; low-cost,10.0
030695,03,Other Frozen Aquatic Invertebrates,India-Mauritius CECPA,0% immediate (Category A),2021-04-01 00:00:00,WO,Shellfish; Africa gateway,5.0
000000,00,Product_Description,FTA_Agreement,Duty_Reduction_Staging,Effective_Date,ROO_Rule,Benefit_Notes,2025.0
030617,03,Frozen Vannamei / Black Tiger Shrimp (Raw),India-EU FTA (Projected),Phased to 0% over 7 years,2026-01-01 00:00:00,WO,12% duty phased; strict on nitrofurans/chloramphenicol,400.0
030617,03,Frozen Shrimp (Cooked / Peeled),India-EU FTA (Projected),Phased to 0% over 5 years,2026-01-01 00:00:00,WO,Value-added faster phase; ASC/BRC certs essential,250.0
030289,03,Frozen Seabass Fillets,India-EU FTA (Projected),0% immediate,2026-01-01 00:00:00,WO,Low-duty already; EU restaurants premium,120.0
030462,03,Frozen Tilapia Fillets,India-EU FTA (Projected),Phased to 0% over 5 years,2026-01-01 00:00:00,WO,7% duty gone; AP polyculture fits,60.0
030461,03,Frozen Pangasius Fillets,India-EU FTA (Projected),Phased to 0% over 7 years,2026-01-01 00:00:00,CTSH + 40% RVC,Antibiotic scrutiny; Shaphari farms qualify,70.0
030614,03,Frozen Mud Crabs,India-EU FTA (Projected),Phased to 0% over 5 years,2026-01-01 00:00:00,WO,8% duty phased; MSC for sustainability,80.0
030624,03,Frozen Scampi (Giant Prawn),India-EU FTA (Projected),Phased to 0% over 7 years,2026-01-01 00:00:00,WO,Premium antibiotic-free,90.0
030743,03,Frozen Squid,India-EU FTA (Projected),0% immediate,2026-01-01 00:00:00,WO,Cadmium limits; immediate volume gain,50.0
030749,03,Frozen Cuttlefish,India-EU FTA (Projected),Phased to 0% over 5 years,2026-01-01 00:00:00,WO,Heavy metals focus,40.0
030539,03,Dried Shrimp,India-EU FTA (Projected),0% immediate,2026-01-01 00:00:00,WO,Moisture compliance easy,25.0
030616,03,Frozen Rohu / Catla,India-EU FTA (Projected),Phased to 0% over 5 years,2026-01-01 00:00:00,WO,Ethnic markets; Halal optional,35.0
030711,03,Live / Chilled Shrimp,India-EU FTA (Projected),Phased to 0% over 7 years,2026-01-01 00:00:00,WO,Traceability mandatory,50.0
160521,16,Prepared Shrimp (Breaded),India-EU FTA (Projected),Phased to 0% over 5 years,2026-01-01 00:00:00,CTSH + 40% RVC,Ingredients labeling strict,150.0
160529,16,Prepared Fish (Surimi),India-EU FTA (Projected),0% immediate,2026-01-01 00:00:00,WO or CTSH,HACCP for ready-meals,70.0
030487,03,Frozen Pomfret Fillets,India-EU FTA (Projected),Phased to 0% over 5 years,2026-01-01 00:00:00,WO,Sustainability edge,45.0
000000,00,Product_Description,FTA_Agreement,Duty_Reduction_Staging,Effective_Date,ROO_Rule,Benefit_Notes,2025.0
030289,03,Frozen Seabass Fillets (skinless or skin-on),India-Australia ECTA,Phased to 0% over 6 years (B6),2022-12-29 00:00:00,CTSH + 35% RVC,Already ~50% cut in 2025; full 0% by 2028,65.0
030289,03,Frozen Seabass Fillets (skinless or skin-on),India-EFTA TEPA,0% immediate,2025-10-01 00:00:00,WO,Norway is the #1 destination in Europe for Indian seabass – now zero duty,150.0
030289,03,Frozen Seabass Fillets (skinless or skin-on),India-Mauritius CECPA,0% immediate (Category A),2021-04-01 00:00:00,WO,Re-export hub to EU/Africa; premium demand,40.0
030289,03,Frozen Seabass Fillets (skinless or skin-on),India-UAE CEPA,0% immediate (Category A),2022-05-01 00:00:00,WO,No value-added threshold; Indian farmed seabass ideal,80.0
030289,03,Frozen Seabass Fillets (skinless or skin-on),India-UK CETA,0% immediate,2025-07-24 00:00:00,WO,Premium UK restaurant & retail demand exploding,110.0
030461,03,Frozen Pangasius Fillets,India-Australia ECTA,Phased to 0% over 3 years (B3),2022-12-29 00:00:00,CTSH + 35% RVC,Full 0% from Jan 2026 – volume exploding,40.0
030461,03,Frozen Pangasius Fillets,India-EFTA TEPA,0% immediate,2025-10-01 00:00:00,WO,Volume product – full elimination,45.0
030461,03,Frozen Pangasius Fillets,India-Mauritius CECPA,0% immediate (Category A),2021-04-01 00:00:00,WO,Fast-growth farms qualify; easy compliance,25.0
030461,03,Frozen Pangasius Fillets,India-UAE CEPA,0% immediate (Category A),2022-05-01 00:00:00,WO,Fast-growth Indian farms; EU/USA parallel benefits,35.0
030461,03,Frozen Pangasius Fillets,India-UK CETA,0% immediate,2025-07-24 00:00:00,WO,Volume leader – full elimination,50.0
030462,03,Frozen Tilapia Fillets,India-Australia ECTA,0% immediate (Category A),2022-12-29 00:00:00,WO,Safest product – zero duty from Day-1,45.0
030462,03,Frozen Tilapia Fillets,India-EFTA TEPA,0% immediate,2025-10-01 00:00:00,WO,Switzerland retail chains expanding Indian tilapia,50.0
030462,03,Frozen Tilapia Fillets,India-Mauritius CECPA,0% immediate (Category A),2021-04-01 00:00:00,WO,Low-cost polyculture from AP; zero rejection,30.0
030462,03,Frozen Tilapia Fillets,India-UAE CEPA,0% immediate (Category A),2022-05-01 00:00:00,WO,Low-cost polyculture from AP/Karnataka; zero rejection risk,40.0
030462,03,Frozen Tilapia Fillets,India-UK CETA,0% immediate,2025-07-24 00:00:00,WO,Safest product – zero duty from Day-1,55.0
030499,03,Other Frozen Fish Meat,India-Mauritius CECPA,0% immediate (Category A),2021-04-01 00:00:00,WO,By-product value; low-cost,10.0
030499,03,Other Frozen Fish Meat,India-UAE CEPA,0% immediate (Category A),2022-05-01 00:00:00,WO,Minced/offcuts; low-cost export,10.0
030539,03,Dried Shrimp / Dried Fish,India-Australia ECTA,0% immediate (Category A),2022-12-29 00:00:00,WO,South-Asian diaspora favourite,14.0
030539,03,Dried Shrimp / Dried Fish,India-EFTA TEPA,0% immediate,2025-10-01 00:00:00,WO,Asian diaspora in Switzerland,20.0
030539,03,Dried Shrimp / Dried Fish,India-Mauritius CECPA,0% immediate (Category A),2021-04-01 00:00:00,WO,Sun-dried from TN; moisture <12%,10.0
030539,03,Dried Shrimp / Dried Fish,India-UAE CEPA,0% immediate (Category A),2022-05-01 00:00:00,WO,Sun-dried from TN/Odisha; moisture <12%,15.0
030539,03,Dried Shrimp / Dried Fish,India-UK CETA,0% immediate,2025-07-24 00:00:00,WO,South-Asian & African diaspora stores,20.0
030616,03,Frozen Rohu / Catla / Mrigal (Indian Major Carp),India-Australia ECTA,0% immediate (Category A),2022-12-29 00:00:00,WO,Ethnic stores love it,18.0
030616,03,Frozen Rohu / Catla / Mrigal (Indian Major Carp),India-EFTA TEPA,0% immediate,2025-10-01 00:00:00,WO,South-Asian communities in Switzerland & Norway,25.0
030616,03,Frozen Rohu / Catla / Mrigal (Indian Major Carp),India-Mauritius CECPA,0% immediate (Category A),2021-04-01 00:00:00,WO,Polyculture from WB; Halal for locals,18.0
030616,03,Frozen Rohu / Catla / Mrigal (Indian Major Carp),India-UAE CEPA,0% immediate (Category A),2022-05-01 00:00:00,WO,Polyculture from WB/Bihar; Halal for Middle East,25.0
030616,03,Frozen Rohu / Catla / Mrigal (Indian Major Carp),India-UK CETA,0% immediate,2025-07-24 00:00:00,WO,Bangladeshi & Pakistani communities huge buyers,30.0
030624,03,Frozen Giant Freshwater Prawn (Scampi),India-Australia ECTA,Phased to 0% over 6 years (B6),2022-12-29 00:00:00,WO,Premium restaurant segment,28.0
030624,03,Frozen Giant Freshwater Prawn (Scampi),India-EFTA TEPA,0% immediate,2025-10-01 00:00:00,WO,Swiss fine-dining gold,90.0
030624,03,Frozen Giant Freshwater Prawn (Scampi),India-Mauritius CECPA,0% immediate (Category A),2021-04-01 00:00:00,WO,Freshwater scampi; re-export potential,20.0
030624,03,Frozen Giant Freshwater Prawn (Scampi),India-UAE CEPA,0% immediate (Category A),2022-05-01 00:00:00,WO,Japan-parallel premium; Indian freshwater scampi,60.0
030624,03,Frozen Giant Freshwater Prawn (Scampi),India-UK CETA,0% immediate,2025-07-24 00:00:00,WO,UK hotels & fine-dining love scampi,65.0
030636,03,"Other Frozen Fish (e.g., Ribbonfish, Croaker)",India-Australia ECTA,Phased to 0% over 6 years (B6),2022-12-29 00:00:00,WO,"High volume, low value – still profitable",12.0
030636,03,"Other Frozen Fish (Ribbonfish, etc.)",India-Mauritius CECPA,0% immediate (Category A),2021-04-01 00:00:00,WO,Wild catch from Gujarat; easy WO,8.0
030636,03,"Other Frozen Fish (e.g., Ribbonfish, Croaker)",India-UAE CEPA,0% immediate (Category A),2022-05-01 00:00:00,WO,Marine from Gujarat; easy WO,10.0
030695,03,Other Frozen Aquatic Invertebrates,India-Mauritius CECPA,0% immediate (Category A),2021-04-01 00:00:00,WO,Shellfish; Africa gateway,5.0
030695,03,Other Frozen Aquatic Invertebrates,India-UAE CEPA,0% immediate (Category A),2022-05-01 00:00:00,WO,Shellfish varieties; UAE re-export hub,10.0
030711,03,Live / Fresh / Chilled Shrimps & Prawns,India-Australia ECTA,0% immediate (Category A),2022-12-29 00:00:00,WO,48-hour biosecurity clearance – huge margin,25.0
030711,03,Live / Chilled Shrimps & Prawns,India-EFTA TEPA,0% immediate,2025-10-01 00:00:00,WO,Air-freighted live – highest margin,55.0
030711,03,Live / Chilled Shrimps & Prawns,India-Mauritius CECPA,0% immediate (Category A),2021-04-01 00:00:00,WO,Air-shipped live; high $/kg,20.0
030711,03,Live / Fresh / Chilled Shrimps & Prawns,India-UAE CEPA,0% immediate (Category A),2022-05-01 00:00:00,WO,Air-shipped live from AP; high $/kg,30.0
030711,03,Live / Chilled Shrimps & Prawns,India-UK CETA,0% immediate,2025-07-24 00:00:00,WO,Air-freighted live – highest £/kg,45.0
030743,03,Frozen Squid (whole / tubes / rings / tentacles),India-Australia ECTA,0% immediate (Category A),2022-12-29 00:00:00,WO,Ethnic & restaurant demand massive,22.0
030743,03,Frozen Squid (whole / tubes / rings / tentacles),India-EFTA TEPA,0% immediate,2025-10-01 00:00:00,WO,Norway & Iceland love squid – massive new market,70.0
030743,03,Frozen Squid (whole / tubes / rings),India-Mauritius CECPA,0% immediate (Category A),2021-04-01 00:00:00,WO,Marine from Kerala; cadmium testing simple,15.0
030743,03,Frozen Squid (whole / tubes / rings / tentacles),India-UAE CEPA,0% immediate (Category A),2022-05-01 00:00:00,WO,Immediate freezing qualifies; huge volume,25.0
030743,03,Frozen Squid (whole / tubes / rings / tentacles),India-UK CETA,0% immediate,2025-07-24 00:00:00,WO,Massive ethnic & pub demand,40.0
030749,03,Frozen Cuttlefish (whole / cleaned),India-Australia ECTA,Phased to 0% over 4 years (B4),2022-12-29 00:00:00,CTSH,Gutted varieties qualify,16.0
030749,03,Frozen Cuttlefish (whole / cleaned),India-EFTA TEPA,0% immediate,2025-10-01 00:00:00,WO,Gutted cuttlefish gaining traction,35.0
030749,03,Frozen Cuttlefish (whole / cleaned),India-Mauritius CECPA,0% immediate (Category A),2021-04-01 00:00:00,WO,Gutted varieties; low heavy metals,12.0
030749,03,Frozen Cuttlefish (whole / cleaned),India-UAE CEPA,0% immediate (Category A),2022-05-01 00:00:00,WO,Gutted/beak-removed; low heavy metals,20.0
030749,03,Frozen Cuttlefish (whole / cleaned),India-UK CETA,0% immediate,2025-07-24 00:00:00,WO,Gutted varieties qualify instantly,25.0
160521,16,Prepared Shrimp (breaded / marinated / retail packs),India-Australia ECTA,Phased to 0% over 3 years (B3),2022-12-29 00:00:00,CTSH + 35% RVC,Full 0% from Dec 2025 – ready-to-cook boom,55.0
160521,16,Prepared Shrimp (breaded / marinated / retail packs),India-EFTA TEPA,0% immediate,2025-10-01 00:00:00,WO or CTSH,Migros & Coop (Swiss retailers) own-label boom,100.0
160521,16,Prepared Shrimp (breaded / marinated),India-Mauritius CECPA,0% immediate (Category A),2021-04-01 00:00:00,WO or CTSH,Retail packs; HACCP for shelf-life,40.0
160521,16,"Prepared / Preserved Shrimp (breaded, marinated, retail)",India-UAE CEPA,0% immediate (Category A),2022-05-01 00:00:00,WO or CTSH,Breaded/marinated qualifies with Indian processing,100.0
160521,16,Prepared Shrimp (breaded / marinated / retail packs),India-UK CETA,0% immediate,2025-07-24 00:00:00,WO or CTSH,"Tesco, Sainsbury's, M&S own-label boom",130.0
160529,16,"Other Prepared Fish (surimi, fish balls, etc.)",India-Australia ECTA,0% immediate (Category A),2022-12-29 00:00:00,WO or CTSH,Instant 0% – growing fast,20.0
160529,16,"Other Prepared Fish (surimi, fish cakes, etc.)",India-EFTA TEPA,0% immediate,2025-10-01 00:00:00,WO or CTSH,Ready meals for Nordic & Swiss markets,60.0
160529,16,Other Prepared Fish (surimi / fish cakes),India-Mauritius CECPA,0% immediate (Category A),2021-04-01 00:00:00,WO or CTSH,Processed tuna; re-export hub,25.0
160529,16,"Other Prepared / Preserved Fish (e.g., Surimi, Fish balls)",India-UAE CEPA,0% immediate (Category A),2022-05-01 00:00:00,WO or CTSH,Indian tuna/surimi; HACCP for shelf-life,50.0
160529,16,"Other Prepared Fish (surimi, fish cakes, etc.)",India-UK CETA,0% immediate,2025-07-24 00:00:00,WO or CTSH,Ready meals & sandwich fillings,60.0
000000,00,Product_Description,FTA_Agreement,Duty_Reduction_Staging,Effective_Date,ROO_Rule,Benefit_Notes,2025.0
610910,61,"T-shirts, singlets & other vests (knitted, cotton)",India-UAE CEPA,0% immediate (Category A),2022-05-01 00:00:00,WO or CTSH + 40% RVC,5% duty eliminated; high demand in UAE retail,150.0
610910,61,"T-shirts, singlets & other vests (knitted, synthetic)",India-UAE CEPA,0% immediate (Category A),2022-05-01 00:00:00,WO,Value-added qualifies; easy DGFT cert,80.0
610510,61,"Men's shirts (knitted, cotton)",India-UAE CEPA,0% immediate (Category A),2022-05-01 00:00:00,WO,GCC re-export hub; formal wear staple,12015.0
610620,61,"Women's blouses (knitted, cotton)",India-UAE CEPA,0% immediate (Category A),2022-05-01 00:00:00,CTSH + 40% RVC,Women's apparel boom; Halal fabrics optional,100.0
611030,61,"Pullovers, cardigans (knitted, man-made fibres)",India-UAE CEPA,0% immediate (Category A),2022-05-01 00:00:00,WO,Winter collections; UAE malls favourite,60.0
610831,61,"Women's slips, petticoats (knitted, synthetic)",India-UAE CEPA,0% immediate (Category A),2022-05-01 00:00:00,WO,Innerwear; low-cost Indian production,40.0
610463,61,"Women's trousers & shorts (knitted, synthetic)",India-UAE CEPA,0% immediate (Category A),2022-05-01 00:00:00,CTSH,Activewear; fitness trend in Dubai,70.0
620342,62,"Men's trousers & breeches (non-knitted, cotton)",India-UAE CEPA,0% immediate (Category A),2022-05-01 00:00:00,WO,Formal/business wear; 5% duty gone,200.0
620520,62,"Men's shirts (non-knitted, cotton)",India-UAE CEPA,0% immediate (Category A),2022-05-01 00:00:00,WO,GCC business attire; easy origin,
620452,62,"Women's suits & ensembles (non-knitted, cotton)",India-UAE CEPA,0% immediate (Category A),2022-05-01 00:00:00,CTSH + 40% RVC,Modest fashion; UAE women’s segment,90.0
620463,62,"Women's trousers & shorts (non-knitted, synthetic)",India-UAE CEPA,0% immediate (Category A),2022-05-01 00:00:00,WO,Casual wear; synthetic dominance,110.0
620442,62,"Women's dresses (non-knitted, cotton)",India-UAE CEPA,0% immediate (Category A),2022-05-01 00:00:00,WO,Ethnic/fusion; festival demand,75.0
621210,62,Brassieres & girdles (non-knitted),India-UAE CEPA,0% immediate (Category A),2022-05-01 00:00:00,WO,Innerwear; lingerie market growth,50.0
621111,62,"Men's swimwear (non-knitted, textile)",India-UAE CEPA,0% immediate (Category A),2022-05-01 00:00:00,CTSH,Beachwear; Dubai tourism boost,30.0
620419,62,"Women's/girls' suits (non-knitted, other textile)",India-UAE CEPA,0% immediate (Category A),2022-05-01 00:00:00,WO,Office wear; modest designs,65.0
630232,63,"Bed linen (printed, non-knitted)",India-UAE CEPA,0% immediate (Category A),2022-05-01 00:00:00,WO,Home textiles; hotel supply chain,140.0
630260,63,Toilet linen & kitchen linen (non-knitted),India-UAE CEPA,0% immediate (Category A),2022-05-01 00:00:00,WO,Cotton towels; UAE hospitality,80.0
630391,63,Curtains (knitted/crocheted),India-UAE CEPA,0% immediate (Category A),2022-05-01 00:00:00,CTSH + 40% RVC,Home decor; luxury interiors,45.0
630419,63,"Bedspreads (non-knitted, other textile)",India-UAE CEPA,0% immediate (Category A),2022-05-01 00:00:00,WO,Quilts/throws; ethnic designs,35.0
570231,57,Carpets of wool/silk (hand-knotted),India-UAE CEPA,0% immediate (Category A),2022-05-01 00:00:00,WO,Handicrafts; premium UAE homes,25.0
000000,00,Product_Description,FTA_Agreement,Duty_Reduction_Staging,Effective_Date,ROO_Rule,Benefit_Notes,2025.0
640319,64,"Sports footwear with leather upper & rubber/plastic sole (e.g., casual sneakers)",India-UAE CEPA,0% immediate (Category A),2022-05-01 00:00:00,CTSH + 40% RVC,5% duty fully eliminated; highest volume category,850.0
640399,64,"Men’s leather footwear (closed toe, non-sports)",India-UAE CEPA,0% immediate (Category A),2022-05-01 00:00:00,CTSH + 40% RVC,"Formal shoes, loafers, brogues – instant 0%",720.0
640391,64,Men’s ankle boots & safety footwear (leather),India-UAE CEPA,0% immediate (Category A),2022-05-01 00:00:00,CTSH + 40% RVC,Work boots & desert boots boom in UAE construction,480.0
640299,64,Other footwear with rubber/plastic sole & leather upper (casual),India-UAE CEPA,0% immediate (Category A),2022-05-01 00:00:00,CTSH,"Sandals, slip-ons, mules – huge summer demand",620.0
640419,64,Sports & casual footwear with textile upper & leather trim,India-UAE CEPA,0% immediate (Category A),2022-05-01 00:00:00,CTSH + 35% RVC,Hybrid sneakers & athleisure,380.0
640359,64,"Women’s leather footwear (closed toe, non-sports)",India-UAE CEPA,0% immediate (Category A),2022-05-01 00:00:00,CTSH + 40% RVC,"Heels, flats, pumps – Dubai mall favourite",550.0
640351,64,Men’s leather ankle-covering footwear (formal boots),India-UAE CEPA,0% immediate (Category A),2022-05-01 00:00:00,CTSH + 40% RVC,Chelsea & chukka boots,340.0
640590,64,"Other footwear with leather upper (e.g., mojari, kolhapuri)",India-UAE CEPA,0% immediate (Category A),2022-05-01 00:00:00,WO,Ethnic & handicraft footwear – premium pricing,180.0
640340,64,Safety & protective footwear with leather upper,India-UAE CEPA,0% immediate (Category A),2022-05-01 00:00:00,CTSH,Construction & oil-field boots – massive UAE demand,420.0
640510,64,Footwear with leather upper & composition leather sole,India-UAE CEPA,0% immediate (Category A),2022-05-01 00:00:00,CTSH + 40% RVC,Luxury dress shoes & moccasins,260.0
640320,64,Footwear with leather sole & leather upper (pure leather),India-UAE CEPA,0% immediate (Category A),2022-05-01 00:00:00,CTSH + 40% RVC,Handcrafted luxury segment – high margin,220.0
640219,64,Sports footwear with rubber/plastic sole & leather upper,India-UAE CEPA,0% immediate (Category A),2022-05-01 00:00:00,CTSH,Running & cricket shoes,150.0
640411,64,Sports footwear with textile upper & leather parts,India-UAE CEPA,0% immediate (Category A),2022-05-01 00:00:00,CTSH + 35% RVC,Canvas + leather combos,120.0
640520,64,Footwear with textile upper & leather sole,India-UAE CEPA,0% immediate (Category A),2022-05-01 00:00:00,CTSH,Espadrilles & traditional styles,90.0
000000,00,Product_Description,FTA_Agreement,Duty_Reduction_Staging,Effective_Date,ROO_Rule,Benefit_Notes,2025.0
640319,64,"Sports / Casual Sneakers (leather upper, rubber sole)",India-UAE CEPA,0% immediate,2022-05-01 00:00:00,CTSH + 40% RVC,5% duty gone – Agra & Kanpur dominate,850.0
640319,64,"Sports / Casual Sneakers (leather upper, rubber sole)",India-Australia ECTA,0% immediate,2022-12-29 00:00:00,CTSH + 35% RVC,Full elimination – Coles & Rebel Sport own-label,420.0
640319,64,"Sports / Casual Sneakers (leather upper, rubber sole)",India-UK CETA,0% immediate,2025-07-24 00:00:00,CTSH + 40% RVC,"Next, JD Sports, Schuh booming",680.0
640319,64,"Sports / Casual Sneakers (leather upper, rubber sole)",India-EFTA TEPA,0% immediate,2025-10-01 00:00:00,CTSH + 40% RVC,Switzerland & Norway premium segment,310.0
640399,64,"Men’s Formal Leather Shoes (oxfords, derbies, loafers)",India-UAE CEPA,0% immediate,2022-05-01 00:00:00,CTSH + 40% RVC,Business & hospitality demand,720.0
640399,64,"Men’s Formal Leather Shoes (oxfords, derbies, loafers)",India-UK CETA,0% immediate,2025-07-24 00:00:00,CTSH + 40% RVC,Clarks & M&S own-label surge,580.0
640399,64,"Men’s Formal Leather Shoes (oxfords, derbies, loafers)",India-Australia ECTA,0% immediate,2022-12-29 00:00:00,CTSH,Office & uniform footwear,350.0
640391,64,Men’s Ankle Boots & Safety Footwear (leather),India-UAE CEPA,0% immediate,2022-05-01 00:00:00,CTSH,Construction & oil-field boots,480.0
640391,64,Men’s Ankle Boots & Safety Footwear (leather),India-EFTA TEPA,0% immediate,2025-10-01 00:00:00,CTSH,Norway & Switzerland workwear,280.0
640359,64,"Women’s Leather Footwear (heels, flats, pumps)",India-UAE CEPA,0% immediate,2022-05-01 00:00:00,CTSH + 40% RVC,Dubai mall & tourist demand,550.0
640359,64,"Women’s Leather Footwear (heels, flats, pumps)",India-UK CETA,0% immediate,2025-07-24 00:00:00,CTSH,"Debenhams, John Lewis own-label",460.0
640299,64,Leather Sandals & Slip-ons (rubber/plastic sole),India-UAE CEPA,0% immediate,2022-05-01 00:00:00,CTSH,Summer & hotel slippers,620.0
640299,64,Leather Sandals & Slip-ons (rubber/plastic sole),India-Australia ECTA,0% immediate,2022-12-29 00:00:00,CTSH,Beach & casual wear,300.0
640340,64,Safety & Protective Footwear (leather upper),India-UAE CEPA,0% immediate,2022-05-01 00:00:00,CTSH,Construction & logistics boom,420.0
640340,64,Safety & Protective Footwear (leather upper),India-EFTA TEPA,0% immediate,2025-10-01 00:00:00,CTSH,Norway oil & gas sector,220.0
640510,64,Luxury Dress Shoes (composition leather sole),India-UK CETA,0% immediate,2025-07-24 00:00:00,CTSH,Premium segment – Church’s style,320.0
640510,64,Luxury Dress Shoes (composition leather sole),India-UAE CEPA,0% immediate,2022-05-01 00:00:00,CTSH,Wedding & formal events,260.0
640590,64,"Ethnic / Handcrafted Leather Footwear (mojari, kolhapuri)",India-UAE CEPA,0% immediate,2022-05-01 00:00:00,WO,Tourist & ethnic stores,180.0
640590,64,"Ethnic / Handcrafted Leather Footwear (mojari, kolhapuri)",India-UK CETA,0% immediate,2025-07-24 00:00:00,WO,South-Asian diaspora favourite,140.0
640419,64,Hybrid Sports Footwear (textile + leather trim),India-Australia ECTA,0% immediate,2022-12-29 00:00:00,CTSH + 35% RVC,Athleisure trend,380.0
640411,64,Canvas + Leather Sports Shoes,India-Mauritius CECPA,0% immediate,2021-04-01 00:00:00,CTSH,Re-export to Africa/Europe,120.0
000000,00,Product_Description,FTA_Agreement,Duty_Reduction_Staging,Effective_Date,ROO_Rule,Benefit_Notes,2025.0
640319,64,"Sports / Casual Sneakers (leather upper, rubber/plastic sole)",India-UAE CEPA,0% immediate,2022-05-01 00:00:00,CTSH + 40% RVC,Agra & Kanpur dominate – highest volume,850.0
640319,64,"Sports / Casual Sneakers (leather upper, rubber/plastic sole)",India-UK CETA,0% immediate,2025-07-24 00:00:00,CTSH + 40% RVC,"Next, JD Sports, Schuh boom",680.0
640319,64,"Sports / Casual Sneakers (leather upper, rubber/plastic sole)",India-Australia ECTA,0% immediate,2022-12-29 00:00:00,CTSH + 35% RVC,Coles & Rebel Sport own-label,420.0
640319,64,"Sports / Casual Sneakers (leather upper, rubber/plastic sole)",India-EFTA TEPA,0% immediate,2025-10-01 00:00:00,CTSH + 40% RVC,Switzerland & Norway premium,310.0
640399,64,"Men’s Formal Leather Shoes (oxfords, derbies, loafers)",India-UAE CEPA,0% immediate,2022-05-01 00:00:00,CTSH + 40% RVC,Business & hospitality,720.0
640399,64,"Men’s Formal Leather Shoes (oxfords, derbies, loafers)",India-UK CETA,0% immediate,2025-07-24 00:00:00,CTSH + 40% RVC,Clarks & M&S own-label,580.0
640399,64,64,"Men’s Formal Leather Shoes (oxfords, derbies, loafers)",India-Australia ECTA,0% immediate,2022-12-29 00:00:00,CTSH,
640299,64,"Leather Sandals & Slip-ons (open toe, rubber sole rubber/plastic)",India-UAE CEPA,0% immediate,2022-05-01 00:00:00,CTSH,Summer & hotel slippers,620.0
640299,64,"Leather Sandals & Slip-ons (open toe, rubber/plastic sole)",India-Australia ECTA,0% immediate,2022-12-29 00:00:00,CTSH,Beach & casual wear,300.0
640359,64,"Women’s Leather Footwear (heels, flats, pumps, closed toe)",India-UAE CEPA,0% immediate,2022-05-01 00:00:00,CTSH + 40% RVC,Dubai mall favourite,550.0
640359,64,"Women’s Leather Footwear (heels, flats, pumps, closed toe)",India-UK CETA,0% immediate,2025-07-24 00:00:00,CTSH,"Debenhams, John Lewis",460.0
640391,64,Men’s Ankle Boots & Safety Footwear (leather),India-UAE CEPA,0% immediate,2022-05-01 00:00:00,CTSH,Construction & oil-field,480.0
640391,64,Men’s Ankle Boots & Safety Footwear (leather),India-EFTA TEPA,0% immediate,2025-10-01 00:00:00,CTSH,Norway oil & gas sector,280.0
640340,64,Safety & Protective Footwear with metal toe-cap,India-UAE CEPA,0% immediate,2022-05-01 00:00:00,CTSH,Construction boom,420.0
640340,64,Safety & Protective Footwear with metal toe-cap,India-EFTA TEPA,0% immediate,2025-10-01 00:00:00,CTSH,Norway & Switzerland workwear,220.0
640510,64,Luxury Dress Shoes (composition leather sole),India-UK CETA,0% immediate,2025-07-24 00:00:00,CTSH,Church’s & Loake style,320.0
640510,64,Luxury Dress Shoes (composition leather sole),India-UAE CEPA,0% immediate,2022-05-01 00:00:00,CTSH,Wedding & formal events,260.0
640419,64,Hybrid Sports Footwear (textile upper + leather trim),India-Australia ECTA,0% immediate,2022-12-29 00:00:00,CTSH + 35% RVC,Athleisure trend,380.0
640351,64,Men’s Chelsea / Chukka Boots (leather),India-UK CETA,0% immediate,2025-07-24 00:00:00,CTSH,Premium segment,340.0
640590,64,"Ethnic / Handcrafted Footwear (mojari, kolhapuri, juttis)",India-UAE CEPA,0% immediate,2022-05-01 00:00:00,WO,Tourist & ethnic stores,180.0
640590,64,"Ethnic / Handcrafted Footwear (mojari, kolhapuri, juttis)",India-UK CETA,0% immediate,2025-07-24 00:00:00,WO,South-Asian diaspora,140.0
640411,64,Canvas + Leather Sports Shoes,India-Mauritius CECPA,0% immediate,2021-04-01 00:00:00,CTSH,Re-export to Africa,120.0
640221,64,Children’s Sports Shoes (leather upper),India-UAE CEPA,0% immediate,2022-05-01 00:00:00,CTSH,School & casual,280.0
640291,64,Women’s Ankle Boots (leather),India-UK CETA,0% immediate,2025-07-24 00:00:00,CTSH,Fashion segment,300.0
640320,64,Pure Leather Sole Footwear (handcrafted),India-EFTA TEPA,0% immediate,2025-10-01 00:00:00,CTSH + 40% RVC,Luxury Swiss market,240.0
640220,64,Thong / Flip-Flops with leather straps,India-UAE CEPA,0% immediate,2022-05-01 00:00:00,CTSH,Beach & hotel,220.0
640192,64,Waterproof Footwear (leather + rubber),India-EFTA TEPA,0% immediate,2025-10-01 00:00:00,CTSH,Norway outdoor,190.0
640199,64,Other Waterproof Footwear (leather),India-Australia ECTA,0% immediate,2022-12-29 00:00:00,CTSH,Work & rain boots,160.0
640520,64,Footwear with textile upper & leather sole,India-Mauritius CECPA,0% immediate,2021-04-01 00:00:00,CTSH,Espadrilles & traditional,90.0
640312,64,Ski / Snowboard Boots (leather),India-EFTA TEPA,0% immediate,2025-10-01 00:00:00,CTSH,Switzerland & Norway winter sports,130.0
640420,64,Footwear with leather upper & textile outer sole,India-UK CETA,0% immediate,2025-07-24 00:00:00,CTSH,Lightweight casual,110.0
640391,64,Men’s Desert Boots (suede leather),India-UAE CEPA,0% immediate,2022-05-01 00:00:00,CTSH,Popular in GCC,200.0
640399,64,Women’s Loafers & Moccasins (leather),India-UK CETA,0% immediate,2025-07-24 00:00:00,CTSH,Office & casual,250.0
640359,64,Women’s Ballet Flats & Ballerinas,India-Australia ECTA,0% immediate,2022-12-29 00:00:00,CTSH,Everyday wear,180.0
640510,64,Handcrafted Luxury Oxfords (full leather),India-EFTA TEPA,0% immediate,2025-10-01 00:00:00,CTSH,Swiss premium,210.0
640219,64,Running & Cricket Shoes (leather upper),India-Australia ECTA,0% immediate,2022-12-29 00:00:00,CTSH,Sports segment,150.0
640312,64,Horse Riding Boots (leather),India-UK CETA,0% immediate,2025-07-24 00:00:00,CTSH,Equestrian market,100.0
640590,64,Traditional Indian Juttis (embroidered leather),India-Mauritius CECPA,0% immediate,2021-04-01 00:00:00,WO,Ethnic fashion,80.0
640399,64,Monk-Strap & Brogue Shoes (men’s),India-UAE CEPA,0% immediate,2022-05-01 00:00:00,CTSH,Formal trend,170.0
640351,64,Men’s Cowboy / Western Boots (leather),India-Australia ECTA,0% immediate,2022-12-29 00:00:00,CTSH,Rugged style,120.0
640291,64,Women’s Knee-High Boots (leather),India-UK CETA,0% immediate,2025-07-24 00:00:00,CTSH,Winter fashion,140.0
640391,64,Children’s Ankle Boots (leather),India-UAE CEPA,0% immediate,2022-05-01 00:00:00,CTSH,School & casual,130.0
640399,64,Driving Moccasins (leather),India-EFTA TEPA,0% immediate,2025-10-01 00:00:00,CTSH,Swiss driving culture,110.0
640520,64,Espadrilles with leather trim,India-Mauritius CECPA,0% immediate,2021-04-01 00:00:00,CTSH,Summer export,70.0
640359,64,Women’s Espadrille Wedges (leather),India-Australia ECTA,0% immediate,2022-12-29 00:00:00,CTSH,Beach fashion,90.0
640411,64,Tennis / Badminton Shoes (leather upper),India-UAE CEPA,0% immediate,2022-05-01 00:00:00,CTSH,Sports academies,100.0
640319,64,Golf Shoes (leather),India-UK CETA,0% immediate,2025-07-24 00:00:00,CTSH,Golf tourism,85.0
640590,64,Handmade Leather Chappals / Sandals,India-Mauritius CECPA,0% immediate,2021-04-01 00:00:00,WO,Ethnic & tourist,60.0
640399,64,Boat / Deck Shoes (leather),India-EFTA TEPA,0% immediate,2025-10-01 00:00:00,CTSH,Norway coastal,95.0
640299,64,Children’s Sandals (leather),India-UAE CEPA,0% immediate,2022-05-01 00:00:00,CTSH,Growing segment,110.0
640351,64,Men’s Riding Boots (leather),India-UK CETA,0% immediate,2025-07-24 00:00:00,CTSH,Equestrian,90.0
640192,64,Snow Boots (leather + textile),India-EFTA TEPA,0% immediate,2025-10-01 00:00:00,CTSH,Winter sports,120.0
000000,00,Product_Description,FTA_Agreement,Duty_Reduction_Staging,Effective_Date,ROO_Rule,Benefit_Notes,2025.0
610910,61,Cotton T-shirts / Polos (men’s & unisex),India-UAE CEPA,0% immediate,2022-05-01 00:00:00,CTSH + 40% RVC,Highest volume category – Dubai malls love it,1800.0
610910,61,Cotton T-shirts / Polos (men’s & unisex),India-UK CETA,0% immediate,2025-07-24 00:00:00,CTSH + 40% RVC,"Primark, Next, ASOS own-label boom",1500.0
610910,61,Cotton T-shirts / Polos (men’s & unisex),India-Australia ECTA,0% immediate,2022-12-29 00:00:00,CTSH + 35% RVC,"Kmart, Big W, Target Australia",950.0
610910,61,Cotton T-shirts / Polos (men’s & unisex),India-EFTA TEPA,0% immediate,2025-10-01 00:00:00,CTSH + 40% RVC,"Migros, Coop, Manor Switzerland",720.0
620520,62,Men’s Cotton Shirts (woven),India-UAE CEPA,0% immediate,2022-05-01 00:00:00,CTSH + 40% RVC,Formal & casual – GCC business staple,1400.0
620520,62,Men’s Cotton Shirts (woven),India-UK CETA,0% immediate,2025-07-24 00:00:00,CTSH + 40% RVC,"M&S, John Lewis, Tesco F&F",1200.0
620342,62,Men’s Cotton Trousers / Chinos,India-UAE CEPA,0% immediate,2022-05-01 00:00:00,CTSH + 40% RVC,Work & casual – highest margin,1100.0
620342,62,Men’s Cotton Trousers / Chinos,India-UK CETA,0% immediate,2025-07-24 00:00:00,CTSH + 40% RVC,"Next, River Island, H&M",980.0
610462,61,Women’s Cotton Leggings / Joggers,India-UAE CEPA,0% immediate,2022-05-01 00:00:00,CTSH + 40% RVC,Activewear & loungewear surge,850.0
610462,61,Women’s Cotton Leggings / Joggers,India-Australia ECTA,0% immediate,2022-12-29 00:00:00,CTSH + 35% RVC,"Kmart, Cotton On, H&M Australia",650.0
620462,62,Women’s Synthetic Trousers (non-knit),India-UAE CEPA,0% immediate,2022-05-01 00:00:00,CTSH + 40% RVC,Office & modest fashion,780.0
620463,62,Women’s Synthetic Trousers / Leggings (woven),India-UK CETA,0% immediate,2025-07-24 00:00:00,CTSH + 40% RVC,"New Look, Boohoo, ASOS",720.0
611030,61,Man-Made Fibre Sweaters / Hoodies,India-UK CETA,0% immediate,2025-07-24 00:00:00,CTSH + 40% RVC,Winter season – Primark & H&M,680.0
611020,61,Cotton Sweatshirts / Hoodies,India-UAE CEPA,0% immediate,2022-05-01 00:00:00,CTSH + 40% RVC,Year-round demand,620.0
620452,62,Women’s Cotton Skirts,India-UAE CEPA,0% immediate,2022-05-01 00:00:00,CTSH + 40% RVC,Modest & western mix,550.0
620442,62,Women’s Cotton Dresses,India-UK CETA,0% immediate,2025-07-24 00:00:00,CTSH + 40% RVC,Summer dresses – M&S & Next,580.0
610821,61,Women’s Cotton Nightwear / Pyjamas,India-UAE CEPA,0% immediate,2022-05-01 00:00:00,CTSH + 40% RVC,Loungewear boom,480.0
610831,61,Women’s Synthetic Nightwear,India-UK CETA,0% immediate,2025-07-24 00:00:00,CTSH + 40% RVC,Victoria’s Secret style,420.0
620590,62,Men’s Shirts (MMF / blends),India-UAE CEPA,0% immediate,2022-05-01 00:00:00,CTSH + 40% RVC,Formal blends,400.0
621210,62,Brassieres & Lingerie,India-UAE CEPA,0% immediate,2022-05-01 00:00:00,CTSH + 40% RVC,Innerwear growth,380.0
610343,61,Men’s Synthetic Trousers / Joggers,India-Australia ECTA,0% immediate,2022-12-29 00:00:00,CTSH + 35% RVC,Activewear,350.0
620333,62,Men’s Suits (synthetic),India-UK CETA,0% immediate,2025-07-24 00:00:00,CTSH + 40% RVC,Formal suiting,340.0
610990,61,MMF T-shirts,India-UAE CEPA,0% immediate,2022-05-01 00:00:00,CTSH + 40% RVC,Performance wear,320.0
611120,61,Babies’ Garments (cotton knit),India-UAE CEPA,0% immediate,2022-05-01 00:00:00,CTSH + 40% RVC,Mothercare & baby shops,300.0
620920,62,Babies’ Woven Garments,India-UK CETA,0% immediate,2025-07-24 00:00:00,CTSH + 40% RVC,John Lewis baby range,280.0
610711,61,Men’s Cotton Underwear / Briefs,India-UAE CEPA,0% immediate,2022-05-01 00:00:00,CTSH + 40% RVC,Innerwear staple,260.0
620530,62,Men’s Shirts (MMF),India-Australia ECTA,0% immediate,2022-12-29 00:00:00,CTSH + 35% RVC,Work shirts,240.0
621050,62,Women’s Protective Workwear,India-EFTA TEPA,0% immediate,2025-10-01 00:00:00,CTSH,Norway & Switzerland industries,220.0
610422,61,Women’s Cotton Ensembles,India-UAE CEPA,0% immediate,2022-05-01 00:00:00,CTSH + 40% RVC,Co-ord sets,200.0
620640,62,Women’s MMF Blouses,India-UK CETA,0% immediate,2025-07-24 00:00:00,CTSH + 40% RVC,Office & evening,210.0
611596,61,Full-Length Stockings / Socks (knit),India-UAE CEPA,0% immediate,2022-05-01 00:00:00,CTSH + 40% RVC,Hosiery,180.0
620469,62,Women’s Trousers (other fibres),India-Australia ECTA,0% immediate,2022-12-29 00:00:00,CTSH + 35% RVC,Linen & blends,170.0
610839,61,Women’s Nightdresses (MMF),India-UK CETA,0% immediate,2025-07-24 00:00:00,CTSH + 40% RVC,Loungewear,160.0
620319,62,Men’s Suits (cotton / blends),India-EFTA TEPA,0% immediate,2025-10-01 00:00:00,CTSH + 40% RVC,Swiss formal,150.0
610349,61,Men’s Trousers (MMF knit),India-Mauritius CECPA,0% immediate,2021-04-01 00:00:00,CTSH + 40% RVC,Re-export to Africa,140.0
620821,62,Women’s Nightdresses (cotton woven),India-UAE CEPA,0% immediate,2022-05-01 00:00:00,CTSH + 40% RVC,Comfort wear,130.0
611241,61,Women’s Swimwear (knit),India-Australia ECTA,0% immediate,2022-12-29 00:00:00,CTSH + 35% RVC,Beach culture,120.0
620449,62,Women’s Dresses (MMF),India-UK CETA,0% immediate,2025-07-24 00:00:00,CTSH + 40% RVC,Evening & party,110.0
610443,61,Women’s Dresses (synthetic knit),India-UAE CEPA,0% immediate,2022-05-01 00:00:00,CTSH + 40% RVC,Modest & western,100.0
620433,62,Women’s Jackets (synthetic woven),India-UK CETA,0% immediate,2025-07-24 00:00:00,CTSH + 40% RVC,Winter jackets,95.0
610322,61,Men’s Ensembles (cotton knit),India-Mauritius CECPA,0% immediate,2021-04-01 00:00:00,CTSH + 40% RVC,Co-ord sets,90.0
620213,62,Women’s Overcoats (MMF),India-EFTA TEPA,0% immediate,2025-10-01 00:00:00,CTSH + 40% RVC,Norway & Switzerland winter,85.0
610444,61,Women’s Dresses (artificial fibres knit),India-UAE CEPA,0% immediate,2022-05-01 00:00:00,CTSH + 40% RVC,Viscose & rayon,80.0
620459,62,Women’s Skirts (other fibres),India-Australia ECTA,0% immediate,2022-12-29 00:00:00,CTSH,,
000000,00,Product_Description,FTA_Agreement,Duty_Reduction_Staging,Effective_Date,ROO_Rule,Benefit_Notes,2025.0
711319,71,Gold Jewellery (plain / studded with diamonds or gems),India-UAE CEPA,0% immediate,2022-05-01 00:00:00,CTSH + 40% RVC,UAE = World’s #1 gold souk – instant 5% duty gone,8500.0
711319,71,Gold Jewellery (plain / studded with diamonds or gems),India-UK CETA,0% immediate,2025-07-24 00:00:00,CTSH + 40% RVC,UK wedding & gifting market exploding,6200.0
711319,71,Gold Jewellery (plain / studded with diamonds or gems),India-EFTA TEPA,0% immediate,2025-10-01 00:00:00,CTSH + 40% RVC,Switzerland & Norway luxury segment,4800.0
711319,71,Gold Jewellery (plain / studded with diamonds or gems),India-Australia ECTA,0% immediate,2022-12-29 00:00:00,CTSH + 35% RVC,Indian diaspora weddings,3200.0
710239,71,Cut & Polished Diamonds (all sizes & shapes),India-UAE CEPA,0% immediate,2022-05-01 00:00:00,CTSH,Dubai Diamond Exchange – re-export hub,12000.0
710239,71,Cut & Polished Diamonds (all sizes & shapes),India-EFTA TEPA,0% immediate,2025-10-01 00:00:00,CTSH,Switzerland = 30% of world diamond trade,9500.0
710239,71,Cut & Polished Diamonds (all sizes & shapes),India-UK CETA,0% immediate,2025-07-24 00:00:00,CTSH,London luxury jewellery boom,7800.0
710391,71,"Rubies, Sapphires, Emeralds (cut but not set)",India-UAE CEPA,0% immediate,2022-05-01 00:00:00,CTSH,Coloured gemstones demand,2200.0
710391,71,"Rubies, Sapphires, Emeralds (cut but not set)",India-EFTA TEPA,0% immediate,2025-10-01 00:00:00,CTSH,Swiss high jewellery,1800.0
711620,71,"Articles of Precious / Semi-precious Stones (beads, cabochons)",India-UAE CEPA,0% immediate,2022-05-01 00:00:00,CTSH,Fashion jewellery components,1500.0
711311,71,Silver Jewellery (plain or studded),India-UAE CEPA,0% immediate,2022-05-01 00:00:00,CTSH + 40% RVC,Daily-wear silver boom,1400.0
711311,71,Silver Jewellery (plain or studded),India-UK CETA,0% immediate,2025-07-24 00:00:00,CTSH + 40% RVC,Pandora-style silver,1100.0
710812,71,"Gold (non-monetary, unwrought bars / dore)",India-UAE CEPA,0% immediate,2022-05-01 00:00:00,WO,Gold refining & re-export,3500.0
710231,71,Non-Industrial Diamonds (rough),India-UAE CEPA,0% immediate,2022-05-01 00:00:00,WO,Rough diamond trading hub,2800.0
711890,71,Gold / Silver Coins & Medallions,India-UAE CEPA,0% immediate,2022-05-01 00:00:00,WO,Investment & gifting,1600.0
711610,71,Articles of Natural / Cultured Pearls,India-UAE CEPA,0% immediate,2022-05-01 00:00:00,CTSH,Pearl jewellery,900.0
711719,71,Imitation / Fashion Jewellery (base metal + plating),India-UAE CEPA,0% immediate,2022-05-01 00:00:00,CTSH,Costume jewellery,850.0
711719,71,Imitation / Fashion Jewellery (base metal + plating),India-Australia ECTA,0% immediate,2022-12-29 00:00:00,CTSH,Lovisa & Colette stores,650.0
710420,71,Synthetic / Reconstructed Diamonds (cut & polished),India-EFTA TEPA,0% immediate,2025-10-01 00:00:00,CTSH,Lab-grown diamonds – Switzerland loves it,2400.0
710490,71,Lab-Grown Diamonds (rough & polished),India-UK CETA,0% immediate,2025-07-24 00:00:00,CTSH,UK lab-grown jewellery market,2100.0
711320,71,Jewellery of Base Metal clad with Precious Metal,India-UAE CEPA,0% immediate,2022-05-01 00:00:00,CTSH,Fashion & daily wear,700.0
711411,71,"Silver Articles (tableware, gift items)",India-UK CETA,0% immediate,2025-07-24 00:00:00,CTSH,Wedding & corporate gifting,550.0
710310,71,Precious / Semi-precious Stones (uncut),India-UAE CEPA,0% immediate,2022-05-01 00:00:00,WO,Rough trading,600.0
711590,71,Platinum Jewellery,India-EFTA TEPA,0% immediate,2025-10-01 00:00:00,CTSH,Swiss luxury,1200.0
711299,71,Waste & Scrap of Precious Metals (for recycling),India-UAE CEPA,0% immediate,2022-05-01 00:00:00,WO,Refining industry,800.0
000000,00,Product_Description,FTA_Agreement,Duty_Reduction_Staging,Effective_Date,ROO_Rule,Benefit_Notes,2025.0
100630,10,"Basmati Rice (long-grain, aromatic)",India-UAE CEPA,0% immediate (Category A),2022-05-01 00:00:00,WO,UAE = 25% of India's rice exports; Halal optional,250.0
100630,10,"Basmati Rice (long-grain, aromatic)",India-Mauritius CECPA,0% immediate (Category A),2021-04-01 00:00:00,WO,Re-export to Africa; easy entry,80.0
100630,10,"Basmati Rice (long-grain, aromatic)",India-UK CETA,Phased to 0% over 5 years (B5),2025-07-24 00:00:00,WO,UK diaspora demand; Tesco/Sainsbury's,150.0
100630,10,"Basmati Rice (long-grain, aromatic)",India-Australia ECTA,0% immediate (Category A),2022-12-29 00:00:00,WO,Indian community staple,60.0
100630,10,"Basmati Rice (long-grain, aromatic)",India-EFTA TEPA,0% immediate,2025-10-01 00:00:00,WO,Switzerland/Norway ethnic markets,40.0
090411,09,Black Pepper (whole/ground),India-UAE CEPA,0% immediate (Category A),2022-05-01 00:00:00,WO,Spice hub; Kerala farms qualify,120.0
090411,09,Black Pepper (whole/ground),India-Mauritius CECPA,0% immediate (Category A),2021-04-01 00:00:00,WO,Re-export to Indian Ocean,50.0
090411,09,Black Pepper (whole/ground),India-UK CETA,0% immediate,2025-07-24 00:00:00,WO,UK curry houses boom,90.0
090411,09,Black Pepper (whole/ground),India-Australia ECTA,Phased to 0% over 3 years (B3),2022-12-29 00:00:00,WO,Australian-Indian fusion cuisine,30.0
090421,09,Dried Chillies (whole/ground),India-UAE CEPA,0% immediate (Category A),2022-05-01 00:00:00,WO,GCC spice demand,70.0
090421,09,Dried Chillies (whole/ground),India-EFTA TEPA,0% immediate,2025-10-01 00:00:00,WO,Norway/Switzerland ethnic,40.0
090421,09,Dried Chillies (whole/ground),India-UK CETA,0% immediate,2025-07-24 00:00:00,WO,Indian takeaways,60.0
090240,09,Cardamom (pods/seeds),India-UAE CEPA,0% immediate (Category A),2022-05-01 00:00:00,WO,Kerala green gold,110.0
090240,09,Cardamom (pods/seeds),India-Mauritius CECPA,0% immediate (Category A),2021-04-01 00:00:00,WO,Island cuisine,45.0
090240,09,Cardamom (pods/seeds),India-UK CETA,Phased to 0% over 5 years (B5),2025-07-24 00:00:00,WO,Premium spice market,80.0
090422,09,Curry Powder & Mixed Spices,India-UAE CEPA,0% immediate (Category A),2022-05-01 00:00:00,CTSH + 40% RVC,Value-added from Tamil Nadu,90.0
090422,09,Curry Powder & Mixed Spices,India-Australia ECTA,0% immediate (Category A),2022-12-29 00:00:00,CTSH,MDH & Everest brands,50.0
090422,09,Curry Powder & Mixed Spices,India-UK CETA,0% immediate,2025-07-24 00:00:00,CTSH,Patak's style,70.0
090230,09,Turmeric (ground powder),India-UAE CEPA,0% immediate (Category A),2022-05-01 00:00:00,WO,Erode turmeric hub,65.0
090230,09,Turmeric (ground powder),India-EFTA TEPA,0% immediate,2025-10-01 00:00:00,WO,Health trend in Europe,35.0
090230,09,Turmeric (ground powder),India-Mauritius CECPA,0% immediate (Category A),2021-04-01 00:00:00,WO,Local curry mixes,30.0
090241,09,Ginger (dried/ground),India-UAE CEPA,0% immediate (Category A),2022-05-01 00:00:00,WO,Northeast ginger,55.0
090241,09,Ginger (dried/ground),India-UK CETA,0% immediate,2025-07-24 00:00:00,WO,Tea & baking,45.0
090241,09,Ginger (dried/ground),India-Australia ECTA,Phased to 0% over 3 years (B3),2022-12-29 00:00:00,WO,Asian groceries,25.0
080111,08,Desiccated Coconut (dried),India-UAE CEPA,0% immediate (Category A),2022-05-01 00:00:00,CTSH,Kerala coconut,40.0
080111,08,Desiccated Coconut (dried),India-Mauritius CECPA,0% immediate (Category A),2021-04-01 00:00:00,CTSH,Re-export to Africa,20.0
080111,08,Desiccated Coconut (dried),India-UK CETA,0% immediate,2025-07-24 00:00:00,CTSH,Baking industry,30.0
080250,08,Walnuts (shelled/in-shell),India-Australia ECTA,0% immediate (Category A),2022-12-29 00:00:00,WO,Premium nuts,35.0
080250,08,Walnuts (shelled/in-shell),India-EFTA TEPA,0% immediate,2025-10-01 00:00:00,WO,Switzerland health market,25.0
080250,08,Walnuts (shelled/in-shell),India-UAE CEPA,0% immediate (Category A),2022-05-01 00:00:00,WO,GCC luxury,20.0
080131,08,Cashew Nuts (shelled),India-UAE CEPA,0% immediate (Category A),2022-05-01 00:00:00,WO,Kollam cashew,150.0
080131,08,Cashew Nuts (shelled),India-UK CETA,Phased to 0% over 5 years (B5),2025-07-24 00:00:00,WO,Snack market,100.0
080131,08,Cashew Nuts (shelled),India-Mauritius CECPA,0% immediate (Category A),2021-04-01 00:00:00,WO,Re-export hub,40.0
080290,08,Pistachios (shelled/in-shell),India-EFTA TEPA,0% immediate,2025-10-01 00:00:00,WO,Norway premium,30.0
080290,08,Pistachios (shelled/in-shell),India-UAE CEPA,0% immediate (Category A),2022-05-01 00:00:00,WO,GCC snacking,50.0
080290,08,Pistachios (shelled/in-shell),India-Australia ECTA,0% immediate (Category A),2022-12-29 00:00:00,WO,Health trend,20.0
090111,09,Coffee Beans (not roasted),India-UAE CEPA,0% immediate (Category A),2022-05-01 00:00:00,WO,Karnataka/Coorg arabica,60.0
090111,09,Coffee Beans (not roasted),India-EFTA TEPA,0% immediate,2025-10-01 00:00:00,WO,Switzerland coffee culture,40.0
090111,09,Coffee Beans (not roasted),India-UK CETA,0% immediate,2025-07-24 00:00:00,WO,Specialty coffee,35.0
090220,09,Green Tea (unfermented),India-UAE CEPA,0% immediate (Category A),2022-05-01 00:00:00,WO,Assam/Darjeeling,70.0
090220,09,Green Tea (unfermented),India-Mauritius CECPA,0% immediate (Category A),2021-04-01 00:00:00,WO,Health trend,25.0
090220,09,Green Tea (unfermented),India-UK CETA,Phased to 0% over 5 years (B5),2025-07-24 00:00:00,WO,Wellness market,50.0
090300,09,Mate Tea & Yerba Mate,India-Australia ECTA,0% immediate (Category A),2022-12-29 00:00:00,WO,Niche export,15.0
090300,09,Mate Tea & Yerba Mate,India-EFTA TEPA,0% immediate,2025-10-01 00:00:00,WO,Switzerland health,10.0
170112,17,"Raw Sugar (centrifugal, cane)",India-Mauritius CECPA,0% immediate (Category A),2021-04-01 00:00:00,WO,UP/Bihar sugarcane,120.0
170112,17,"Raw Sugar (centrifugal, cane)",India-UAE CEPA,0% immediate (Category A),2022-05-01 00:00:00,WO,GCC sweetener,80.0
170112,17,"Raw Sugar (centrifugal, cane)",India-UK CETA,Phased to 0% over 7 years (B7),2025-07-24 00:00:00,WO,UK baking,60.0
080510,08,Oranges (fresh),India-UAE CEPA,0% immediate (Category A),2022-05-01 00:00:00,WO,Maharashtra nagpur,30.0
080510,08,Oranges (fresh),India-Mauritius CECPA,0% immediate (Category A),2021-04-01 00:00:00,WO,Fresh fruit re-export,15.0
080510,08,Oranges (fresh),India-Australia ECTA,0% immediate (Category A),2022-12-29 00:00:00,WO,Seasonal demand,20.0
080711,08,Watermelons (fresh),India-UAE CEPA,0% immediate (Category A),2022-05-01 00:00:00,WO,Summer export,25.0
080711,08,Watermelons (fresh),India-Mauritius CECPA,0% immediate (Category A),2021-04-01 00:00:00,WO,Island market,10.0
080711,08,Watermelons (fresh),India-UK CETA,0% immediate,2025-07-24 00:00:00,WO,Ethnic groceries,15.0
080450,08,Avocados (fresh),India-EFTA TEPA,0% immediate,2025-10-01 00:00:00,WO,Health trend,20.0
080450,08,Avocados (fresh),India-Australia ECTA,Phased to 0% over 3 years (B3),2022-12-29 00:00:00,WO,Superfood boom,15.0
080450,08,Avocados (fresh),India-UAE CEPA,0% immediate (Category A),2022-05-01 00:00:00,WO,GCC premium,10.0
080820,08,Apples (fresh),India-UAE CEPA,0% immediate (Category A),2022-05-01 00:00:00,WO,Himachal apples,40.0
080820,08,Apples (fresh),India-Mauritius CECPA,0% immediate (Category A),2021-04-01 00:00:00,WO,Off-season supply,15.0
080820,08,Apples (fresh),India-UK CETA,0% immediate,2025-07-24 00:00:00,WO,UK fruit market,25.0
080330,08,Bananas (fresh),India-Mauritius CECPA,0% immediate (Category A),2021-04-01 00:00:00,WO,Tropical staple,20.0
080330,08,Bananas (fresh),India-UAE CEPA,0% immediate (Category A),2022-05-01 00:00:00,WO,GCC import,30.0
080330,08,Bananas (fresh),India-Australia ECTA,0% immediate (Category A),2022-12-29 00:00:00,WO,Fresh produce,10.0
000000,00,Product_Description,FTA_Agreement,Duty_Reduction_Staging,Effective_Date,ROO_Rule,Benefit_Notes,2025.0
070310,07,Onions (fresh/chilled),India-UAE CEPA,0% immediate,2022-05-01 00:00:00,WO,Maharashtra/Nashik onions – UAE #1 buyer,220.0
070310,07,Onions (fresh/chilled),India-Mauritius CECPA,0% immediate,2021-04-01 00:00:00,WO,Re-export to Africa,80.0
070310,07,Onions (fresh/chilled),India-UK CETA,0% immediate,2025-07-24 00:00:00,WO,UK curry houses & diaspora,120.0
070310,07,Onions (fresh/chilled),India-Australia ECTA,0% immediate,2022-12-29 00:00:00,WO,Indian community staple,60.0
070310,07,Onions (fresh/chilled),India-EFTA TEPA,0% immediate,2025-10-01 00:00:00,WO,Switzerland/Norway ethnic,40.0
070200,07,Tomatoes (fresh/chilled),India-UAE CEPA,0% immediate,2022-05-01 00:00:00,WO,Maharashtra & Karnataka,90.0
070200,07,Tomatoes (fresh/chilled),India-Mauritius CECPA,0% immediate,2021-04-01 00:00:00,WO,Daily consumption,35.0
070200,07,Tomatoes (fresh/chilled),India-UK CETA,0% immediate,2025-07-24 00:00:00,WO,Restaurants & takeaways,50.0
070960,07,Green Chillies & Capsicum,India-UAE CEPA,0% immediate,2022-05-01 00:00:00,WO,AP & Karnataka – year-round supply,110.0
070960,07,Green Chillies & Capsicum,India-UK CETA,0% immediate,2025-07-24 00:00:00,WO,Indian & Pakistani groceries,70.0
070960,07,Green Chillies & Capsicum,India-Australia ECTA,0% immediate,2022-12-29 00:00:00,WO,Ethnic stores,40.0
080610,08,Grapes (fresh) – Thompson & Flame,India-UAE CEPA,0% immediate,2022-05-01 00:00:00,WO,Nashik grapes – off-season for GCC,180.0
080610,08,Grapes (fresh) – Thompson & Flame,India-UK CETA,0% immediate,2025-07-24 00:00:00,WO,"UK supermarkets (Tesco, Sainsbury’s)",140.0
080610,08,Grapes (fresh) – Thompson & Flame,India-EFTA TEPA,0% immediate,2025-10-01 00:00:00,WO,Switzerland premium fruit,100.0
080610,08,Grapes (fresh) – Thompson & Flame,India-Australia ECTA,0% immediate,2022-12-29 00:00:00,WO,Summer counter-seasonal,60.0
080510,08,"Mangoes (fresh) – Alphonso, Kesar, Banganapalli",India-UAE CEPA,0% immediate,2022-05-01 00:00:00,WO,Maharashtra & Gujarat – world’s best mangoes,200.0
080510,08,"Mangoes (fresh) – Alphonso, Kesar, Banganapalli",India-UK CETA,0% immediate,2025-07-24 00:00:00,WO,Mango season madness in UK,160.0
080510,08,"Mangoes (fresh) – Alphonso, Kesar, Banganapalli",India-Australia ECTA,0% immediate,2022-12-29 00:00:00,WO,Counter-seasonal supply,90.0
080450,08,Pomegranates (fresh) – Bhagwa,India-UAE CEPA,0% immediate,2022-05-01 00:00:00,WO,Maharashtra – superfood status,130.0
080450,08,Pomegranates (fresh) – Bhagwa,India-EFTA TEPA,0% immediate,2025-10-01 00:00:00,WO,Health trend in Europe,85.0
080450,08,Pomegranates (fresh) – Bhagwa,India-UK CETA,0% immediate,2025-07-24 00:00:00,WO,UK supermarkets,70.0
080711,08,Watermelons (fresh),India-UAE CEPA,0% immediate,2022-05-01 00:00:00,WO,Summer fruit king,75.0
080711,08,Watermelons (fresh),India-Mauritius CECPA,0% immediate,2021-04-01 00:00:00,WO,Island favourite,30.0
080720,08,Papaya (fresh),India-UAE CEPA,0% immediate,2022-05-01 00:00:00,WO,Andhra & Karnataka,50.0
080720,08,Papaya (fresh),India-Australia ECTA,0% immediate,2022-12-29 00:00:00,WO,Tropical demand,25.0
080550,08,Kinnow / Mandarin Oranges,India-UAE CEPA,0% immediate,2022-05-01 00:00:00,WO,Punjab & Rajasthan,65.0
080550,08,Kinnow / Mandarin Oranges,India-UK CETA,0% immediate,2025-07-24 00:00:00,WO,Winter citrus,45.0
080810,08,Apples (fresh) – Himachal & Kashmir,India-UAE CEPA,0% immediate,2022-05-01 00:00:00,WO,Off-season supply,55.0
080810,08,Apples (fresh) – Himachal & Kashmir,India-UK CETA,0% immediate,2025-07-24 00:00:00,WO,UK fruit basket,40.0
080830,08,Pears (fresh),India-UAE CEPA,0% immediate,2022-05-01 00:00:00,WO,Himachal pears,35.0
080930,08,Peaches & Nectarines (fresh),India-EFTA TEPA,0% immediate,2025-10-01 00:00:00,WO,Premium summer fruit,30.0
081090,08,Dragon Fruit / Pitaya (fresh),India-UAE CEPA,0% immediate,2022-05-01 00:00:00,WO,Maharashtra & Gujarat,45.0
081090,08,Dragon Fruit / Pitaya (fresh),India-Australia ECTA,0% immediate,2022-12-29 00:00:00,WO,Exotic fruit trend,25.0
081090,08,Kiwi Fruit (fresh),India-UAE CEPA,0% immediate,2022-05-01 00:00:00,WO,Arunachal & HP,40.0
070320,07,Garlic (fresh/chilled),India-UAE CEPA,0% immediate,2022-05-01 00:00:00,WO,MP & Rajasthan,60.0
070320,07,Garlic (fresh/chilled),India-UK CETA,0% immediate,2025-07-24 00:00:00,WO,Takeaway staple,40.0
070490,07,Cauliflower & Broccoli (fresh),India-UK CETA,0% immediate,2025-07-24 00:00:00,WO,Punjab & HP,35.0
070490,07,Cauliflower & Broccoli (fresh),India-EFTA TEPA,0% immediate,2025-10-01 00:00:00,WO,Health food,25.0
070700,07,Cucumbers & Gherkins (fresh),India-UAE CEPA,0% immediate,2022-05-01 00:00:00,WO,Year-round supply,30.0
071080,07,Mixed Vegetables (frozen),India-UAE CEPA,0% immediate,2022-05-01 00:00:00,CTSH,Ready-to-cook packs,50.0
071080,07,Mixed Vegetables (frozen),India-UK CETA,0% immediate,2025-07-24 00:00:00,CTSH,Retail packs,40.0
060311,06,Fresh Cut Roses,India-UAE CEPA,0% immediate,2022-05-01 00:00:00,WO,Bangalore & Pune roses,70.0
060311,06,Fresh Cut Roses,India-EFTA TEPA,0% immediate,2025-10-01 00:00:00,WO,Switzerland flower market,55.0
060311,06,Fresh Cut Roses,India-UK CETA,0% immediate,2025-07-24 00:00:00,WO,Valentine & Mother’s Day,45.0
060312,06,Fresh Carnations,India-UAE CEPA,0% immediate,2022-05-01 00:00:00,WO,Daily demand,30.0
060313,06,Fresh Orchids,India-EFTA TEPA,0% immediate,2025-10-01 00:00:00,WO,Premium gifting,35.0
060319,06,"Other Cut Flowers (gerbera, lily)",India-UK CETA,0% immediate,2025-07-24 00:00:00,WO,Florist supply,25.0
060420,06,Fresh Foliage & Branches,India-UAE CEPA,0% immediate,2022-05-01 00:00:00,WO,Wedding decor,20.0
000000,00,Product_Description,FTA_Agreement,Duty_Reduction_Staging,Effective_Date,ROO_Rule,Benefit_Notes,2025.0
020230,02,Frozen Buffalo Meat (boneless),India-UAE CEPA,0% immediate,2022-05-01 00:00:00,WO,Halal buffalo meat – UAE biggest buyer,4200.0
020230,02,Frozen Buffalo Meat (boneless),India-Mauritius CECPA,0% immediate,2021-04-01 00:00:00,WO,Re-export to Africa,1100.0
020230,02,Frozen Buffalo Meat (boneless),India-UK CETA,Phased to 0% over 7 yrs,2025-07-24 00:00:00,WO,UK halal market,1800.0
030617,03,Frozen Shrimp (Vannamei/Black Tiger),India-UAE CEPA,0% immediate,2022-05-01 00:00:00,WO,Shrimp king,5500.0
030617,03,Frozen Shrimp (Vannamei/Black Tiger),India-UK CETA,0% immediate,2025-07-24 00:00:00,WO,UK seafood boom,3800.0
030289,03,Frozen Seabass Fillets,India-EFTA TEPA,0% immediate,2025-10-01 00:00:00,WO,Norway #1 buyer,1500.0
040590,04,Ghee (clarified butter),India-UAE CEPA,0% immediate,2022-05-01 00:00:00,WO,Pure desi ghee,1200.0
060311,06,Fresh Cut Roses,India-UAE CEPA,0% immediate,2022-05-01 00:00:00,WO,Bangalore roses,700.0
070310,07,Fresh Onions,India-UAE CEPA,0% immediate,2022-05-01 00:00:00,WO,Nashik onions,2200.0
080610,08,Fresh Table Grapes,India-UK CETA,0% immediate,2025-07-24 00:00:00,WO,Counter-seasonal supply,1400.0
080510,08,Fresh Mangoes (Alphonso/Kesar),India-UAE CEPA,0% immediate,2022-05-01 00:00:00,WO,Mango season madness,2000.0
090111,09,Coffee Beans (Arabica/Robusta),India-EFTA TEPA,0% immediate,2025-10-01 00:00:00,WO,Swiss coffee culture,600.0
090240,09,Cardamom (green/small),India-UAE CEPA,0% immediate,2022-05-01 00:00:00,WO,Kerala green gold,1100.0
100630,10,Basmati Rice,India-UAE CEPA,0% immediate,2022-05-01 00:00:00,WO,World’s favourite,2500.0
610910,61,Cotton T-shirts,India-UAE CEPA,0% immediate,2022-05-01 00:00:00,CTSH + 40%,Tirupur volume king,1800.0
620520,62,Men’s Cotton Shirts,India-UK CETA,0% immediate,2025-07-24 00:00:00,CTSH + 40%,M&S & Tesco own-label,1200.0
640399,64,Men’s Leather Formal Leather Shoes,India-UAE CEPA,0% immediate,2022-05-01 00:00:00,CTSH + 40%,Agra & Kanpur,720.0
640319,64,Leather Sports / Casual Sneakers,India-UK CETA,0% immediate,2025-07-24 00:00:00,CTSH + 40%,Next & JD Sports,680.0
711319,71,Gold Jewellery (22K/18K),India-UAE CEPA,0% immediate,2022-05-01 00:00:00,CTSH + 40%,World’s largest gold souk,8500.0
710239,71,Cut & Polished Diamonds,India-UAE CEPA,0% immediate,2022-05-01 00:00:00,CTSH,Dubai Diamond Exchange,12000.0
420221,42,Leather Handbags & Wallets,India-UAE CEPA,0% immediate,2022-05-01 00:00:00,CTSH + 40%,Chennai & Kolkata,1600.0
420231,42,Leather Travel Goods & Cases,India-UK CETA,0% immediate,2025-07-24 00:00:00,CTSH + 40%,Premium luggage,1200.0
330510,33,Hair Oil & Shampoo (herbal/ayurvedic),India-UAE CEPA,0% immediate,2022-05-01 00:00:00,CTSH + 40%,"Patanjali, Himalaya",900.0
330590,33,Hair Colour & Preparations,India-UK CETA,0% immediate,2025-07-24 00:00:00,CTSH + 40%,UK ethnic haircare,650.0
940360,94,Wooden Furniture (sheesham/mango wood),India-UAE CEPA,0% immediate,2022-05-01 00:00:00,CTSH + 40%,Jodhpur & Saharanpur,1300.0
940360,94,Wooden Furniture (sheesham/mango wood),India-UK CETA,0% immediate,2025-07-24 00:00:00,CTSH + 40%,IKEA-style ethnic,1000.0
950699,95,"Sports Goods (cricket bats, hockey sticks)",India-Australia ECTA,0% immediate,2022-12-29 00:00:00,CTSH + 35%,Meerut & Jalandhar,550.0
950699,95,"Sports Goods (cricket bats, hockey sticks)",India-UK CETA,0% immediate,2025-07-24 00:00:00,CTSH + 40%,UK cricket market,450.0
